{
    "zone_etude": {
        "xMin": -5.122479017875244,
        "yMin": 47.79603706569544,
        "xMax": -3.3895594958993356,
        "yMax": 48.699565821471175
    }
}